Sr. No.,College Name,University Name,District,Taluka,Exclusively in Womens Colleges,College Types,"(Report no 5)
Whether Minority Institution (Yes/No)","Linguistic/
Religious_Type",JD Region,Correspondence Address,Email,Contact Phone 1,Contact Phone 2,Mobile,Principal Name,College Type
1,Banik Inc College of Arts & Science,Shivaji University,Nashik,Karjat,Girls Only,Urban,No,Select,Nagpur,"342, Tara Nagar, Ambarnath-916739",shlok17@sane.info,+914340925950,4972243133,+918328413870,Dr. Adira Sood,Non-Aided
2,Singhal-Zachariah College of Arts & Science,North Maharashtra University,Nashik,Nanded,Girls Only,Rural,Yes,Select,Nashik,"816, Kamdar Street, Kumbakonam 115958",uppalyuvraj@sibal.com,+919014970151,1850906261,07962372206,Dr. Keya Devi,Aided
3,Chana and Sons College of Arts & Science,Shivaji University,Solapur,Haveli,Co-Education,Rural,No,Select,Nagpur,"48, Tara Nagar, Jehanabad 837947",kiaan22@chandran.com,+918405431666,0547758519,+916147697268,Dr. Shalv Chada,Non-Aided
4,Deep-Bhatt College of Arts & Science,Savitribai Phule Pune University,Nashik,Dharavi,Co-Education,Rural,Yes,Select,Nashik,"H.No. 51, Karpe Path, Bidhannagar 977975",nirvaanbir@dani.biz,+911363396719,08557114450,+915059352008,Dr. Faiyaz Bumb,Non-Aided
5,"Wadhwa, Sehgal and Sood College of Arts & Science",North Maharashtra University,Nagpur,Haveli,Co-Education,Urban,Yes,Select,Aurangabad,"04, Borde Ganj, Anantapuram-002467",yuvaanyadav@aurora.biz,+915899623622,7380307849,+915712904682,Dr. Kanav Kunda,Aided
6,Babu-Bedi College of Arts & Science,Mumbai University,Solapur,Parvati,Girls Only,Rural,Yes,Select,Nashik,"35/21, Wali Ganj, Vijayawada 196192",drajan@shukla-ramakrishnan.com,03556850797,8686269843,04273217123,Dr. Armaan Dey,Aided
7,Chandra PLC College of Arts & Science,North Maharashtra University,Nashik,Nanded,Co-Education,Urban,No,Select,Pune,"55/351, Dugar Street, Nandyal 212214",dharmajanmann@din-singh.com,+915289876745,1368933099,04311938303,Dr. Advik Buch,Aided
8,Korpal-Chakraborty College of Arts & Science,Shivaji University,Nashik,Dharavi,Co-Education,Urban,No,Select,Nashik,"91/32, Choudhry Ganj, Jabalpur-243814",gatik90@raja-sama.com,07373394532,00108480163,+912322988735,Dr. Shaan Goda,Aided
9,"Shroff, Iyer and Malhotra College of Arts & Science",Nagpur University,Mumbai,Dharavi,Girls Only,Rural,Yes,Select,Pune,"69/20, Sastry, Patna-638981",armaananand@kuruvilla.com,+916789148921,+913472056825,07768804211,Dr. Hansh Mangat,Non-Aided
10,Virk PLC College of Arts & Science,Mumbai University,Nashik,Parvati,Co-Education,Urban,No,Select,Mumbai,"H.No. 55, Kala Zila, Loni 231602",ivanajani@sampath.com,3957025088,+910598458815,0417612183,Dr. Divij Suresh,Aided
11,Dara-Dugal College of Arts & Science,Nagpur University,Nagpur,Haveli,Girls Only,Urban,Yes,Select,Nashik,"680, Krishnamurthy Ganj, Anand 442086",aaravwable@tank.info,09195797444,+910452311489,1813768944,Dr. Kaira Madan,Aided
12,"Gour, Lata and Sha College of Arts & Science",Nagpur University,Nashik,Nanded,Girls Only,Urban,Yes,Select,Mumbai,"H.No. 08, Raman Ganj, Khammam 232835",pihu13@bobal.com,03356628475,+915078336447,02614058539,Dr. Tejas Vig,Aided
13,Dave-Lall College of Arts & Science,Shivaji University,Mumbai,Nanded,Girls Only,Urban,Yes,Select,Pune,"H.No. 805, Krishna Circle, Meerut 669017",aniruddh18@tank.com,4178007590,06414929803,06847606168,Dr. Indranil Lall,Aided
14,Kohli-Walla College of Arts & Science,Savitribai Phule Pune University,Solapur,Andheri,Girls Only,Rural,No,Select,Nashik,"H.No. 47, Wali Nagar, Anantapur-729210",adahraju@thaman.net,+910695040308,+911054548493,6030219702,Dr. Akarsh Krishna,Non-Aided
15,"Bobal, Mander and Kurian College of Arts & Science",Nagpur University,Pune,Haveli,Co-Education,Rural,No,Select,Aurangabad,"H.No. 84, Tank Road, Khandwa-099179",dassvedika@dube-dubey.com,+915377815673,08691889934,03471269948,Dr. Nirvaan Sagar,Aided
16,Srinivas-Virk College of Arts & Science,Dr. Babasaheb Ambedkar Marathwada University,Mumbai,Dharavi,Co-Education,Urban,Yes,Select,Pune,"10/864, Shukla Path, Jalgaon-258110",hazel72@ramesh.com,04619834416,03128495085,1052823005,Dr. Fateh Comar,Non-Aided
17,Yohannan Group College of Arts & Science,North Maharashtra University,Nashik,Nanded,Girls Only,Urban,No,Select,Nagpur,"H.No. 23, Brar Street, Sultan Pur Majra-916668",hsarin@sampath-majumdar.com,03529089377,+912194643292,07192367618,Dr. Arhaan Zachariah,Aided
18,"Bakshi, Sehgal and Sur College of Arts & Science",Dr. Babasaheb Ambedkar Marathwada University,Nashik,Dharavi,Co-Education,Urban,Yes,Select,Nashik,"38/090, Lad Zila, Bijapur 738521",saanvithakur@aurora.com,+914393008806,09450353590,3643755512,Dr. Arhaan Lad,Aided
19,Datta-Tara College of Arts & Science,Shivaji University,Nagpur,Nanded,Co-Education,Rural,No,Select,Nagpur,"54/117, Kothari Marg, Mango 436190",vedika44@gour.org,+911313542703,07312230239,8851548721,Dr. Faiyaz Sachdev,Non-Aided
20,Walla PLC College of Arts & Science,Dr. Babasaheb Ambedkar Marathwada University,Aurangabad,Dharavi,Girls Only,Urban,Yes,Select,Nagpur,"528, Kibe Marg, Maheshtala-102274",hvarughese@master-bhakta.com,+912730627256,+919146662032,9466713615,Dr. Dhruv Sandhu,Aided
21,Suresh-Tank College of Arts & Science,Dr. Babasaheb Ambedkar Marathwada University,Solapur,Karjat,Girls Only,Urban,No,Select,Nashik,"34/616, Badal Street, Muzaffarnagar-308756",ebehl@ramanathan-dora.org,0153289076,08182448291,8345357595,Dr. Rohan Edwin,Aided
22,Roy and Sons College of Arts & Science,Nagpur University,Pune,Andheri,Girls Only,Urban,No,Select,Nashik,"46, Gole, Durg 291775",xchakraborty@kala.com,2872766631,4497730583,4468140968,Dr. Ryan Chanda,Non-Aided
23,Wali Inc College of Arts & Science,Nagpur University,Pune,Parvati,Co-Education,Rural,Yes,Select,Aurangabad,"H.No. 264, Balan Path, Mangalore-577565",mkhanna@mander.info,+914289559343,03625130865,+914093767874,Dr. Neysa Borde,Aided
24,"Dugar, Tailor and Reddy College of Arts & Science",North Maharashtra University,Solapur,Nanded,Co-Education,Urban,Yes,Select,Nagpur,"H.No. 32, Sibal Nagar, Coimbatore-668405",mahika44@soman.com,+914753826622,05423630460,+910897224472,Dr. Tejas Kumer,Non-Aided
25,Savant-Upadhyay College of Arts & Science,Shivaji University,Mumbai,Parvati,Co-Education,Urban,Yes,Select,Aurangabad,"H.No. 89, Johal Chowk, Etawah-709192",chawlakiara@mani.com,+916827577010,+910218430626,5162617496,Dr. Trisha Mand,Non-Aided
26,Saraf PLC College of Arts & Science,North Maharashtra University,Solapur,Haveli,Co-Education,Urban,No,Select,Aurangabad,"H.No. 852, Apte Road, Chapra-357192",keyakibe@sarin.com,+912497748739,+913911828506,2152576647,Dr. Nirvaan De,Aided
27,"Sibal, Choudhury and Ghosh College of Arts & Science",Dr. Babasaheb Ambedkar Marathwada University,Nashik,Dharavi,Co-Education,Rural,No,Select,Pune,"H.No. 534, Salvi, Srinagar-522539",priyansh24@ramakrishnan.com,00690396307,07466531097,8239336359,Dr. Kanav Deo,Non-Aided
28,"Bhat, Bawa and Shere College of Arts & Science",Mumbai University,Aurangabad,Dharavi,Girls Only,Urban,No,Select,Mumbai,"18/46, Chandra Marg, Mysore-029396",tbava@sura.com,07952743599,+913331134252,3226469327,Dr. Anaya Batta,Aided
29,Lal-Loyal College of Arts & Science,Shivaji University,Nashik,Haveli,Girls Only,Rural,Yes,Select,Nagpur,"73, Gala Chowk, Bhatpara 398810",laljivika@cheema.com,+919405741692,4594359136,+919571839819,Dr. Kanav Tank,Aided
30,Kakar LLC College of Arts & Science,Dr. Babasaheb Ambedkar Marathwada University,Pune,Haveli,Girls Only,Rural,Yes,Select,Solapur,"71/649, Shukla Nagar, Jalna 038532",mishti13@char.com,+919019648921,1067903095,9700810291,Dr. Yakshit Dutta,Non-Aided
31,Sood-Dhingra College of Arts & Science,Shivaji University,Nashik,Andheri,Girls Only,Rural,No,Select,Mumbai,"H.No. 888, Kota Nagar, Gorakhpur-083051",prerakbawa@soman.info,+910736475316,05723972420,03434028669,Dr. Tiya Gaba,Aided
32,"Brar, Lala and Setty College of Arts & Science",Dr. Babasaheb Ambedkar Marathwada University,Solapur,Parvati,Girls Only,Rural,No,Select,Nashik,"64, Dara Street, Karnal 387809",vbala@sarraf-dhar.com,07083200446,09733947312,1029090528,Dr. Nirvi Goel,Aided
33,Sawhney PLC College of Arts & Science,Savitribai Phule Pune University,Mumbai,Andheri,Girls Only,Urban,No,Select,Pune,"094, Brahmbhatt Street, Kulti-689732",purabbhavsar@tandon.com,02523568402,6477771176,04095055099,Dr. Rania Talwar,Non-Aided
34,Rege-Boase College of Arts & Science,Nagpur University,Nagpur,Dharavi,Girls Only,Rural,No,Select,Pune,"995, Sabharwal Ganj, Bellary 898051",shayak48@dora.info,9920463550,+913165837714,+916058741594,Dr. Anahita Dixit,Non-Aided
35,"Chandra, Bedi and Wali College of Arts & Science",Dr. Babasaheb Ambedkar Marathwada University,Mumbai,Dharavi,Girls Only,Urban,Yes,Select,Mumbai,"H.No. 19, Varty Circle, Shimoga 422178",garaalia@khanna.biz,07958202699,07897331751,+912288374427,Dr. Shray Borra,Aided
36,"Kanda, Varty and Kapadia College of Arts & Science",Shivaji University,Mumbai,Nanded,Girls Only,Rural,No,Select,Solapur,"533, Jha Nagar, Malegaon 835626",cheemaazad@khare.com,+910589106386,07353099025,06463751601,Dr. Kartik Bhalla,Non-Aided
37,Johal-Mangat College of Arts & Science,Savitribai Phule Pune University,Mumbai,Dharavi,Girls Only,Urban,No,Select,Nashik,"63, Zacharia Chowk, Siwan 399196",karnikpiya@kuruvilla-thaker.com,09691970725,01540124040,+911967877590,Dr. Heer Bajaj,Non-Aided
38,"Baral, Agarwal and Deshmukh College of Arts & Science",Savitribai Phule Pune University,Pune,Haveli,Co-Education,Rural,No,Select,Solapur,"60/214, Loyal Nagar, Bettiah-863981",raunak22@kulkarni.com,7668784288,06284118051,9654409982,Dr. Armaan Sethi,Non-Aided
39,"Dhingra, Ganesan and Tank College of Arts & Science",Dr. Babasaheb Ambedkar Marathwada University,Aurangabad,Dharavi,Girls Only,Urban,No,Select,Nashik,"08, Seshadri Marg, Danapur 465024",riaan63@tak-cheema.org,6993520203,01906247268,00932677521,Dr. Bhamini Goel,Aided
40,"Hegde, Biswas and Bose College of Arts & Science",Mumbai University,Solapur,Parvati,Co-Education,Rural,No,Select,Mumbai,"H.No. 759, Chaudhari, Bhiwandi 319180",indraniltata@bera-dayal.com,7918890563,1670025533,08049815703,Dr. Mehul Bhavsar,Non-Aided
41,"Bhatia, Samra and Dhillon College of Arts & Science",North Maharashtra University,Solapur,Andheri,Co-Education,Urban,No,Select,Pune,"74/010, Raval, Yamunanagar-895148",rheagaba@bajwa.org,4016698344,4237798419,04201585363,Dr. Yuvraj  Zacharia,Aided
42,Deo-Anne College of Arts & Science,Shivaji University,Nashik,Nanded,Co-Education,Urban,Yes,Select,Solapur,"544, Bose Path, Bhatpara 634196",ksen@buch.com,+910492411489,05508093004,05113176849,Dr. Ahana  Thakkar,Aided
43,Borde Inc College of Arts & Science,Mumbai University,Solapur,Haveli,Co-Education,Rural,Yes,Select,Mumbai,"97/58, Walia Path, Gandhinagar-186274",vbhatnagar@chowdhury-sanghvi.com,0018106467,0427325568,+919726971629,Dr. Heer Thakkar,Non-Aided
44,Comar Group College of Arts & Science,North Maharashtra University,Aurangabad,Nanded,Co-Education,Urban,No,Select,Mumbai,"14/437, Khosla Ganj, Dehradun 090760",rattanzaina@varughese.com,+912167846609,+911358734527,08875581275,Dr. Aaina Dyal,Non-Aided
45,Batta Group College of Arts & Science,Dr. Babasaheb Ambedkar Marathwada University,Solapur,Haveli,Co-Education,Urban,Yes,Select,Mumbai,"43/97, Rattan Road, Panipat 646224",taimursani@taneja-bhagat.com,+917571507068,06942879401,2047513413,Dr. Tarini Reddy,Non-Aided
46,Bhatnagar Ltd College of Arts & Science,Dr. Babasaheb Ambedkar Marathwada University,Aurangabad,Andheri,Co-Education,Urban,No,Select,Solapur,"40/84, Dass Circle, Singrauli-277377",gandhiyashvi@bahl.biz,01412417703,03862301815,6903975534,Dr. Navya Vig,Non-Aided
47,Savant Inc College of Arts & Science,Mumbai University,Mumbai,Haveli,Girls Only,Rural,Yes,Select,Nagpur,"H.No. 36, Barad Nagar, Gandhinagar-125428",wtak@bhandari.net,+911886885030,+913271792663,2689461159,Dr. Pranay Handa,Non-Aided
48,Lal-Karpe College of Arts & Science,Shivaji University,Solapur,Haveli,Girls Only,Rural,No,Select,Nashik,"H.No. 117, Dhaliwal Chowk, Panipat-356078",asaxena@karan-ravel.info,7306210494,1301847621,8753239983,Dr. Parinaaz D’Alia,Non-Aided
49,Shan-Shetty College of Arts & Science,Mumbai University,Solapur,Parvati,Co-Education,Urban,Yes,Select,Pune,"499, Goel Path, Hazaribagh-026609",dishanikrishna@suresh.com,03544177559,4754377999,+910862606044,Dr. Suhana Kaur,Aided
50,Ram Group College of Arts & Science,Dr. Babasaheb Ambedkar Marathwada University,Aurangabad,Karjat,Co-Education,Urban,Yes,Select,Nashik,"H.No. 367, Deep Nagar, Phusro 762338",andramanikya@arya.org,+919787119945,06647365435,8946172305,Dr. Vihaan Chadha,Aided
51,"Bassi, Lanka and Guha College of Arts & Science",North Maharashtra University,Nashik,Parvati,Girls Only,Rural,Yes,Select,Aurangabad,"H.No. 60, Rattan Marg, Alappuzha-436910",ysahota@dhaliwal-sandhu.com,8848605662,6763513724,7982086417,Dr. Aradhya Virk,Non-Aided
52,Kalita LLC College of Arts & Science,Mumbai University,Mumbai,Karjat,Girls Only,Urban,Yes,Select,Mumbai,"60/987, Bail Chowk, Akola 082135",kiaanacharya@sengupta.com,02639422298,+915377171335,2344269590,Dr. Nishith Walia,Aided
53,Iyer-Jain College of Arts & Science,Shivaji University,Solapur,Haveli,Girls Only,Urban,No,Select,Mumbai,"45/13, Kata Street, Ongole-981717",lagan71@bandi-de.com,5990605044,1196729334,03462889557,Dr. Ivana Biswas,Aided
54,Sandal Ltd College of Arts & Science,Nagpur University,Aurangabad,Nanded,Co-Education,Rural,Yes,Select,Mumbai,"H.No. 46, Bakshi Nagar, Chittoor 753455",ivan73@atwal-sant.com,6931351593,09962207703,+919096533726,Dr. Inaaya  Kashyap,Aided
55,Rao PLC College of Arts & Science,Savitribai Phule Pune University,Solapur,Andheri,Co-Education,Rural,No,Select,Solapur,"H.No. 76, Ahluwalia Ganj, Sangli-Miraj & Kupwad 822786",nakul19@setty.com,+917771287438,04844845373,5671385332,Dr. Manikya Thakur,Aided
56,Choudhary-Gola College of Arts & Science,North Maharashtra University,Nashik,Andheri,Co-Education,Urban,Yes,Select,Nashik,"429, Sarkar, Varanasi 998855",butaladishani@bandi-kumer.com,5692985672,08919728643,09028980389,Dr. Manikya Jayaraman,Non-Aided
57,Rout and Sons College of Arts & Science,Mumbai University,Aurangabad,Parvati,Co-Education,Rural,No,Select,Pune,"23/313, Rajan Chowk, Dhanbad-742405",ahana-chatterjee@sankar.com,+912417782735,+918588873988,9586051141,Dr. Kashvi Sarraf,Non-Aided
58,Balay-Madan College of Arts & Science,Mumbai University,Aurangabad,Dharavi,Co-Education,Urban,No,Select,Mumbai,"65, Bora Zila, Guntur-491613",fbutala@rajagopalan.com,09521446016,08305698866,0375809621,Dr. Aaryahi Agarwal,Aided
59,"Chaudhuri, Loke and Luthra College of Arts & Science",Nagpur University,Aurangabad,Karjat,Co-Education,Rural,Yes,Select,Nagpur,"H.No. 40, Koshy Nagar, Faridabad-087976",kchandran@behl.com,+917255936143,04186859096,07217392497,Dr. Nakul Chaudry,Aided
60,Bera-Chaudhuri College of Arts & Science,Shivaji University,Pune,Andheri,Co-Education,Rural,No,Select,Solapur,"74/45, Zacharia Circle, Kota-874083",nsekhon@choudhry.com,4768653352,+918482690894,+914795276059,Dr. Yuvraj  Chahal,Non-Aided
61,"Sagar, Sharma and Anne College of Arts & Science",Nagpur University,Aurangabad,Dharavi,Co-Education,Rural,Yes,Select,Nashik,"02/15, Andra Ganj, Mira-Bhayandar-435313",sahotadharmajan@mannan.com,6478152971,00830945176,01823212088,Dr. Samarth Anand,Aided
62,Hayer LLC College of Arts & Science,Savitribai Phule Pune University,Solapur,Andheri,Co-Education,Rural,No,Select,Nashik,"H.No. 074, Sabharwal Chowk, Rohtak-051884",jivikakoshy@sarma-sharaf.com,0684657344,+913386454369,+918352237396,Dr. Vihaan Khosla,Non-Aided
63,Sani-Sridhar College of Arts & Science,North Maharashtra University,Mumbai,Andheri,Girls Only,Rural,Yes,Select,Pune,"42/392, Date Road, Howrah-720982",vanya97@chaudhari.net,+910916090758,+919015907434,6157083797,Dr. Kabir Deshpande,Aided
64,Handa-Kashyap College of Arts & Science,North Maharashtra University,Solapur,Parvati,Girls Only,Rural,No,Select,Nashik,"H.No. 60, Dani Nagar, Anantapuram 540612",jhanvi35@sarna.net,06369767978,+918708682714,06275920310,Dr. Nirvi Ganesh,Non-Aided
65,"Dada, Dewan and Gopal College of Arts & Science",Nagpur University,Mumbai,Haveli,Co-Education,Urban,Yes,Select,Nagpur,"H.No. 89, Rau Nagar, Indore 756343",bijusabharwal@grewal-soni.com,7400207828,01161459302,+919951161675,Dr. Ivana Deol,Aided
66,"Bandi, Deol and Bhatia College of Arts & Science",North Maharashtra University,Solapur,Andheri,Girls Only,Rural,Yes,Select,Solapur,"48/548, Iyer Ganj, Shimoga-348125",pranay30@uppal.info,+916286656792,04988268803,+911940736569,Dr. Hiran Butala,Non-Aided
67,Dash-Date College of Arts & Science,North Maharashtra University,Solapur,Dharavi,Girls Only,Rural,Yes,Select,Solapur,"36/94, Borah Marg, Nadiad 634441",ydalal@gopal.com,08509170976,5719822780,+911933529696,Dr. Zaina Gole,Aided
68,Sankar-Ghose College of Arts & Science,Dr. Babasaheb Ambedkar Marathwada University,Nashik,Karjat,Co-Education,Rural,Yes,Select,Mumbai,"H.No. 24, Khare Street, Chapra 964638",jivinramesh@bhargava-borde.biz,+911489771249,+915989077181,03710046302,Dr. Dharmajan Chaudhary,Aided
69,"Malhotra, Kaur and Goel College of Arts & Science",North Maharashtra University,Nagpur,Parvati,Girls Only,Urban,Yes,Select,Nagpur,"H.No. 65, Bajaj Marg, Bhilai 450441",tdeep@sathe-sandhu.com,02966107389,0248825460,08052480707,Dr. Madhup Kurian,Aided
70,"Deo, Karpe and Kapoor College of Arts & Science",Mumbai University,Solapur,Andheri,Co-Education,Rural,No,Select,Nagpur,"H.No. 83, Batra Nagar, Hospet 003473",balasubramanianprisha@lad.com,09424717139,3836964448,09472373265,Dr. Myra Kulkarni,Aided
71,Srinivas Ltd College of Arts & Science,Savitribai Phule Pune University,Pune,Andheri,Girls Only,Urban,No,Select,Solapur,"60/72, Agarwal, Belgaum 521752",ratigoyal@baral-savant.com,5753890222,7877480989,09455714979,Dr. Tushar Sandal,Non-Aided
72,"Lad, Viswanathan and Seshadri College of Arts & Science",Nagpur University,Nagpur,Dharavi,Co-Education,Urban,Yes,Select,Nagpur,"17/62, Ghose Nagar, Ambarnath-525873",abram07@sen.info,+918755372834,0260879995,8157441897,Dr. Siya Sehgal,Non-Aided
73,Rau LLC College of Arts & Science,Shivaji University,Nagpur,Nanded,Co-Education,Rural,No,Select,Aurangabad,"H.No. 79, Barman Marg, Satna 195993",tejas88@goda.com,+913104747831,05116425866,09650972254,Dr. Anay Bali,Aided
74,Arora Group College of Arts & Science,Shivaji University,Mumbai,Haveli,Co-Education,Urban,No,Select,Pune,"79/14, Deol Circle, Miryalaguda 469434",vihaandhawan@shenoy.com,07645639698,04302248204,+913488030892,Dr. Aniruddh Badami,Aided
75,Kapoor Inc College of Arts & Science,Shivaji University,Aurangabad,Parvati,Girls Only,Urban,Yes,Select,Nashik,"10/018, Chatterjee Road, Erode 124072",xgokhale@chaudhary-manne.biz,+915626059632,04954515316,08231900290,Dr. Neelofar Agrawal,Non-Aided
76,Goswami-Sabharwal College of Arts & Science,North Maharashtra University,Aurangabad,Andheri,Girls Only,Urban,Yes,Select,Nagpur,"68/797, Kurian Circle, Thoothukudi-513472",vbobal@bajaj.net,2343311533,06300575333,+916664282209,Dr. Amani Chaudhary,Aided
77,Date-Magar College of Arts & Science,Dr. Babasaheb Ambedkar Marathwada University,Solapur,Karjat,Co-Education,Urban,No,Select,Nagpur,"H.No. 447, Choudhary, Cuttack-973196",akarpe@yohannan.info,+910307597040,+914834592122,07638877721,Dr. Ahana  Mand,Aided
78,"Thaker, Kata and Kar College of Arts & Science",Shivaji University,Nagpur,Karjat,Girls Only,Rural,Yes,Select,Mumbai,"H.No. 289, Goswami Road, Imphal 406402",dhanushsharma@shetty.com,+910016381563,+915999030368,+911244436613,Dr. Sara Doctor,Aided
79,Dugar PLC College of Arts & Science,Savitribai Phule Pune University,Mumbai,Haveli,Girls Only,Rural,No,Select,Nagpur,"26/31, Bajwa Marg, Bhimavaram-808038",mishti55@bandi-dewan.com,9761636522,04978925246,+919331714304,Dr. Amani Magar,Aided
80,"Dugal, Bora and Kala College of Arts & Science",Mumbai University,Solapur,Parvati,Girls Only,Rural,Yes,Select,Mumbai,"H.No. 44, Bansal Zila, Warangal-906501",rchaudry@karnik.com,+917418363172,0368398447,2154073050,Dr. Lakshit Khalsa,Non-Aided
81,Grewal and Sons College of Arts & Science,Dr. Babasaheb Ambedkar Marathwada University,Pune,Haveli,Co-Education,Rural,No,Select,Aurangabad,"H.No. 573, Dutt, Proddatur 368854",devivihaan@char-walla.com,9531835649,9187646899,1122609373,Dr. Lavanya Bains,Non-Aided
82,Wali Ltd College of Arts & Science,Dr. Babasaheb Ambedkar Marathwada University,Aurangabad,Karjat,Co-Education,Urban,No,Select,Nashik,"52/32, Bhatnagar Chowk, Nangloi Jat 904314",taran42@sangha.com,3322725585,0974900423,4246075914,Dr. Sahil Sawhney,Aided
83,Sankaran-Chakraborty College of Arts & Science,Nagpur University,Mumbai,Nanded,Girls Only,Urban,Yes,Select,Aurangabad,"76/246, Buch Chowk, Bhilwara 411091",xkannan@dalia.com,+917916758279,00854962190,0635942775,Dr. Divyansh Ramakrishnan,Non-Aided
84,"Gala, Kamdar and Setty College of Arts & Science",Mumbai University,Pune,Nanded,Girls Only,Rural,Yes,Select,Nashik,"H.No. 63, Bhandari Marg, Asansol 875222",ysandhu@chawla.net,+917684369841,6376953206,04828247577,Dr. Ivan Doshi,Non-Aided
85,Chand-Golla College of Arts & Science,Mumbai University,Nashik,Parvati,Co-Education,Urban,Yes,Select,Nashik,"10/32, Cheema Zila, Durgapur 765085",idutt@desai.com,03535458763,03424280846,+915605698019,Dr. Lakshit Bose,Aided
86,Bhatt LLC College of Arts & Science,Dr. Babasaheb Ambedkar Marathwada University,Pune,Andheri,Girls Only,Urban,No,Select,Nagpur,"33/78, Goel Zila, Shimla 038903",hvig@kala-shankar.biz,+915093123477,2294008722,3809813365,Dr. Mahika Solanki,Non-Aided
87,Bhargava Inc College of Arts & Science,Savitribai Phule Pune University,Aurangabad,Nanded,Co-Education,Urban,Yes,Select,Nagpur,"39/097, Ramakrishnan Chowk, Kharagpur 479127",manjari31@dhillon.com,+914187853685,06546371180,3540681016,Dr. Eshani Bedi,Aided
88,"Brar, Kashyap and Zachariah College of Arts & Science",North Maharashtra University,Solapur,Haveli,Co-Education,Urban,No,Select,Solapur,"H.No. 13, Gala Ganj, Khandwa 361288",qrajagopal@saha.com,2699472933,1688220782,+913796226547,Dr. Vritika Wali,Aided
89,Mammen and Sons College of Arts & Science,Dr. Babasaheb Ambedkar Marathwada University,Nagpur,Nanded,Girls Only,Rural,Yes,Select,Nagpur,"83/02, Sridhar Chowk, Bhubaneswar 232845",ksangha@tara.info,+913688601146,03448036456,7454009273,Dr. Emir Raja,Non-Aided
90,Brahmbhatt LLC College of Arts & Science,North Maharashtra University,Mumbai,Parvati,Girls Only,Urban,No,Select,Nagpur,"79, Rau Marg, Anantapur-608094",sara34@din.com,04585936923,9995645327,9340591682,Dr. Aradhya Dugar,Non-Aided
91,"Shenoy, Dhingra and Saini College of Arts & Science",Dr. Babasaheb Ambedkar Marathwada University,Pune,Andheri,Girls Only,Urban,No,Select,Aurangabad,"H.No. 045, Agate Nagar, Bongaigaon 125705",dbahri@gopal-bhardwaj.com,3815126988,5033028539,+911127530388,Dr. Ehsaan Rastogi,Non-Aided
92,Sodhi Ltd College of Arts & Science,Mumbai University,Aurangabad,Karjat,Girls Only,Urban,No,Select,Nashik,"990, Sood Ganj, Akola-745730",cchahal@agate.com,9428174255,+917385074351,+912685125562,Dr. Tanya Singh,Non-Aided
93,Viswanathan-Srinivasan College of Arts & Science,Mumbai University,Nagpur,Haveli,Co-Education,Urban,Yes,Select,Solapur,"H.No. 69, Sangha Marg, Vijayawada 049995",khatriazad@karpe.com,+919522557856,+915179165473,5825081710,Dr. Bhamini Dugar,Non-Aided
94,"Khurana, Yohannan and Chaudhari College of Arts & Science",Nagpur University,Nashik,Dharavi,Co-Education,Urban,No,Select,Solapur,"946, Raval Nagar, Miryalaguda 599611",elatata@sabharwal.com,02635882424,+914456425290,+919219051601,Dr. Kimaya Srinivas,Non-Aided
95,"Soni, Vyas and Chaudhuri College of Arts & Science",North Maharashtra University,Pune,Nanded,Co-Education,Rural,No,Select,Solapur,"95, Master Street, Guntakal 073525",nsaini@chaudhary.biz,+910400802789,05992481595,3488897488,Dr. Nakul Banik,Non-Aided
96,Das-Mandal College of Arts & Science,Savitribai Phule Pune University,Aurangabad,Karjat,Girls Only,Urban,Yes,Select,Aurangabad,"635, Sekhon, Nadiad-803807",baliadvik@balasubramanian.com,05591750429,+912537420653,+916209779901,Dr. Zain Soni,Non-Aided
97,Ramaswamy-Zacharia College of Arts & Science,Shivaji University,Nashik,Karjat,Girls Only,Rural,Yes,Select,Pune,"33/118, Thaker Road, Pondicherry-261136",keyakaul@joshi.com,+915494544372,9739697420,06437250344,Dr. Hridaan Wable,Aided
98,Dara Group College of Arts & Science,North Maharashtra University,Aurangabad,Haveli,Co-Education,Urban,No,Select,Solapur,"H.No. 388, Sahota Marg, Machilipatnam 041799",manjarihans@jaggi.com,07088081313,+910740120689,05480786665,Dr. Yakshit Goel,Aided
99,"Dass, Warrior and Contractor College of Arts & Science",North Maharashtra University,Nashik,Dharavi,Girls Only,Urban,Yes,Select,Aurangabad,"H.No. 91, Dua Circle, Bhavnagar 543127",lakshit19@kar.com,+912543189988,+914203508427,+911049744230,Dr. Saksham Hayer,Non-Aided
100,Majumdar Group College of Arts & Science,Shivaji University,Mumbai,Haveli,Co-Education,Rural,Yes,Select,Pune,"08, Bora Nagar, Ulhasnagar 723998",baradsumer@devan-bal.com,2450426298,+919732516520,08814676962,Dr. Akarsh Kata,Aided
101,"Chana, Sama and Contractor College of Arts & Science",Savitribai Phule Pune University,Pune,Nanded,Co-Education,Urban,Yes,Select,Aurangabad,"H.No. 18, Saraf Path, Faridabad-375386",fsinha@ganesh.com,6829745849,1313400050,+912071569264,Dr. Nitya Chhabra,Non-Aided
102,Kapur Inc College of Arts & Science,Nagpur University,Aurangabad,Karjat,Girls Only,Urban,No,Select,Pune,"00, Sawhney Path, Deoghar-369457",kartik79@zacharia-srinivas.info,04687233018,07015181290,06242052279,Dr. Uthkarsh Dugar,Non-Aided
103,Dalal Inc College of Arts & Science,Savitribai Phule Pune University,Mumbai,Haveli,Girls Only,Rural,Yes,Select,Solapur,"H.No. 27, Sani Path, Rohtak 178959",aarushwali@sami.com,6074549508,+910785160689,+914747505122,Dr. Riya Lalla,Non-Aided
104,Thakur and Sons College of Arts & Science,Mumbai University,Pune,Karjat,Girls Only,Urban,Yes,Select,Nashik,"H.No. 96, Talwar Zila, Raebareli-833009",fmadan@walia.org,02284049743,9544614254,+916074770717,Dr. Kiaan Gour,Non-Aided
105,Buch and Sons College of Arts & Science,North Maharashtra University,Nashik,Andheri,Girls Only,Rural,No,Select,Nagpur,"H.No. 903, Kata Marg, Buxar-243420",fkara@bhatnagar.com,03772620527,08141731848,1413188736,Dr. Chirag Mandal,Aided
106,Ravi LLC College of Arts & Science,Mumbai University,Nashik,Dharavi,Girls Only,Urban,No,Select,Solapur,"051, Sood Zila, Bahraich 827234",baradkavya@srivastava-bajaj.com,03469894474,00604790748,00888284986,Dr. Hazel Bhatti,Non-Aided
107,Johal-Divan College of Arts & Science,Savitribai Phule Pune University,Mumbai,Karjat,Girls Only,Rural,No,Select,Solapur,"79/397, Lata Street, Agra 830111",eshanikara@roy.biz,+917252524684,+915372960339,+912821976610,Dr. Rohan Yohannan,Non-Aided
108,"Sengupta, Sami and Deshpande College of Arts & Science",Dr. Babasaheb Ambedkar Marathwada University,Aurangabad,Karjat,Co-Education,Urban,Yes,Select,Solapur,"56/303, D’Alia Nagar, Tumkur 517111",reyansh76@sarma-kannan.info,+916640306962,4628125901,07795023827,Dr. Vedika Sood,Non-Aided
109,Behl PLC College of Arts & Science,Dr. Babasaheb Ambedkar Marathwada University,Nashik,Dharavi,Co-Education,Urban,Yes,Select,Nagpur,"55, Chana Path, Thiruvananthapuram-105343",krish88@khalsa.biz,03456489561,7126686096,5814754699,Dr. Yakshit Hans,Non-Aided
110,Thaman and Sons College of Arts & Science,Dr. Babasaheb Ambedkar Marathwada University,Nashik,Haveli,Co-Education,Rural,No,Select,Solapur,"H.No. 814, Kapadia Road, Jamnagar-987373",rajagopalantiya@bail-dey.biz,06092711144,0309665404,+910497245412,Dr. Devansh Borah,Aided
111,"Divan, Vala and Tandon College of Arts & Science",Nagpur University,Nagpur,Andheri,Co-Education,Urban,Yes,Select,Nashik,"684, Buch Street, Gopalpur-048705",aayush16@sankar.com,+917902870053,+918380162894,06066697975,Dr. Miraya Lal,Non-Aided
112,Kibe LLC College of Arts & Science,Mumbai University,Aurangabad,Haveli,Girls Only,Rural,No,Select,Solapur,"00/205, Kashyap Chowk, North Dumdum-229922",aniruddh45@sarkar-rastogi.com,1573098188,9918317958,0701127137,Dr. Mohanlal Dua,Aided
113,"Karpe, Bala and Savant College of Arts & Science",Dr. Babasaheb Ambedkar Marathwada University,Mumbai,Karjat,Girls Only,Rural,Yes,Select,Mumbai,"22, Roy Chowk, Bikaner 008617",wasonyashvi@som.com,+918573334737,00967351800,07259098405,Dr. Kismat Lanka,Non-Aided
114,Bhakta Group College of Arts & Science,Shivaji University,Solapur,Dharavi,Co-Education,Rural,No,Select,Mumbai,"H.No. 028, Roy Path, Hospet 388411",kapurdhanuk@bhatnagar-bhardwaj.info,05690014279,+910742108067,+915216195488,Dr. Yasmin Gola,Aided
115,"Bhargava, Sankaran and Suri College of Arts & Science",Dr. Babasaheb Ambedkar Marathwada University,Solapur,Dharavi,Co-Education,Rural,No,Select,Pune,"20/07, Bose Chowk, Ambattur-771229",tsabharwal@desai-dass.com,02946721375,+917936431693,2351041494,Dr. Vidur Varkey,Aided
116,Saxena-Loke College of Arts & Science,Shivaji University,Solapur,Karjat,Co-Education,Rural,No,Select,Mumbai,"273, Hora Nagar, Salem 225472",hansh89@amble-bali.org,7346453512,09908794720,+912568647862,Dr. Saira Kurian,Aided
117,Kuruvilla Ltd College of Arts & Science,Savitribai Phule Pune University,Aurangabad,Haveli,Co-Education,Rural,No,Select,Mumbai,"H.No. 15, Ganesan Ganj, Chandrapur-941452",farhanloke@mahajan.org,2606024124,+910685775582,8315790823,Dr. Ojas Bath,Non-Aided
118,"Wadhwa, Ramachandran and Kuruvilla College of Arts & Science",North Maharashtra University,Nagpur,Haveli,Girls Only,Rural,Yes,Select,Mumbai,"28/06, Bail Chowk, Firozabad-953618",harya@amble-dora.net,+916075780274,+917617958021,2208797775,Dr. Yuvaan Iyengar,Aided
119,"Buch, Sur and Gola College of Arts & Science",Mumbai University,Nagpur,Dharavi,Girls Only,Rural,No,Select,Nagpur,"409, Virk Street, Khora -301049",karaemir@sachdeva-aggarwal.com,+919517606585,+917037753986,06001237581,Dr. Zeeshan Sastry,Non-Aided
120,Bedi PLC College of Arts & Science,Savitribai Phule Pune University,Nagpur,Andheri,Co-Education,Rural,Yes,Select,Aurangabad,"194, Sethi Zila, Tadepalligudem 127231",purab76@jaggi.net,03850001822,4247855848,4957881323,Dr. Ira Khanna,Aided
